STATUS,UNITS,Data_value,Series_reference,Period,Group,Subject
ECTM.S1AG1210,2007.03,925.1,F,Dollars,Electronic Card Transactions (ANZSIC06) - ECT,Private - Values - Electronic card transactions  A/S/T by industry
ECTM.S1AG1210,2007.04,880,F,Dollars,Electronic Card Transactions (ANZSIC06) - ECT,Private - Values - Electronic card transactions  A/S/T by industry
ECTM.S1AG1210,2007.05,905.1,F,Dollars,Electronic Card Transactions (ANZSIC06) - ECT,Private - Values - Electronic card transactions  A/S/T by industry
ECTM.S1AG1210,2007.06,874.3,F,Dollars,Electronic Card Transactions (ANZSIC06) - ECT,Private - Values - Electronic card transactions  A/S/T by industry
ECTM.S1AG1210,2007.07,890.5,F,Dollars,Electronic Card Transactions (ANZSIC06) - ECT,Private - Values - Electronic card transactions  A/S/T by industry
ECTM.S1AG1210,2007.08,917.7,F,Dollars,Electronic Card Transactions (ANZSIC06) - ECT,Private - Values - Electronic card transactions  A/S/T by industry
ECTM.S1AG1210,2007.09,895.9,F,Dollars,Electronic Card Transactions (ANZSIC06) - ECT,Private - Values - Electronic card transactions  A/S/T by industry
ECTM.S1AG1210,2007.1,945.9,F,Dollars,Electronic Card Transactions (ANZSIC06) - ECT,Private - Values - Electronic card transactions  A/S/T by industry
ECTM.S1AG1210,2007.11,960.8,F,Dollars,Electronic Card Transactions (ANZSIC06) - ECT,Private - Values - Electronic card transactions  A/S/T by industry
ECTM.S1AG1210,2007.12,1102.2,F,Dollars,Electronic Card Transactions (ANZSIC06) - ECT,Private - Values - Electronic card transactions  A/S/T by industry
ECTM.S1AG1210,2008.01,959.2,F,Dollars,Electronic Card Transactions (ANZSIC06) - ECT,Private - Values - Electronic card transactions  A/S/T by industry
ECTM.S1AG1210,2008.02,924.5,F,Dollars,Electronic Card Transactions (ANZSIC06) - ECT,Private - Values - Electronic card transactions  A/S/T by industry
ECTM.S1AG1210,2008.03,988,F,Dollars,Electronic Card Transactions (ANZSIC06) - ECT,Private - Values - Electronic card transactions  A/S/T by industry
ECTM.S1AG1210,2020.01,1779.1,F,Dollars,Electronic Card Transactions (ANZSIC06) - ECT,Private - Values - Electronic card transactions  A/S/T by industry
ECTM.S1AG1210,2020.02,1759.1,F,Dollars,Electronic Card Transactions (ANZSIC06) - ECT,Private - Values - Electronic card transactions  A/S/T by industry
ECTM.S1AG1210,2020.03,2205.9,F,Dollars,Electronic Card Transactions (ANZSIC06) - ECT,Private - Values - Electronic card transactions  A/S/T by industry
ECTM.S1AG1210,2020.04,2073,F,Dollars,Electronic Card Transactions (ANZSIC06) - ECT,Private - Values - Electronic card transactions  A/S/T by industry
ECTM.S1AG1210,2020.05,1952.7,F,Dollars,Electronic Card Transactions (ANZSIC06) - ECT,Private - Values - Electronic card transactions  A/S/T by industry
ECTM.S1SG1210,2007.03,903.9,R,Dollars,Electronic Card Transactions (ANZSIC06) - ECT,Private - Values - Electronic card transactions  A/S/T by industry
ECTM.S1SG1210,2007.04,911.9,R,Dollars,Electronic Card Transactions (ANZSIC06) - ECT,Private - Values - Electronic card transactions  A/S/T by industry
ECTM.S1SG1210,2007.05,917,R,Dollars,Electronic Card Transactions (ANZSIC06) - ECT,Private - Values - Electronic card transactions  A/S/T by industry
ECTM.S1SG1210,2007.06,921.2,R,Dollars,Electronic Card Transactions (ANZSIC06) - ECT,Private - Values - Electronic card transactions  A/S/T by industry
ECTM.S1SG1210,2007.07,925,R,Dollars,Electronic Card Transactions (ANZSIC06) - ECT,Private - Values - Electronic card transactions  A/S/T by industry
ECTM.S1SG1210,2007.08,927.1,R,Dollars,Electronic Card Transactions (ANZSIC06) - ECT,Private - Values - Electronic card transactions  A/S/T by industry
ECTM.S1SG1210,2007.09,923.3,R,Dollars,Electronic Card Transactions (ANZSIC06) - ECT,Private - Values - Electronic card transactions  A/S/T by industry
ECTM.S1SG1210,2007.1,932.4,R,Dollars,Electronic Card Transactions (ANZSIC06) - ECT,Private - Values - Electronic card transactions  A/S/T by industry
ECTM.S1SG1210,2007.11,941,R,Dollars,Electronic Card Transactions (ANZSIC06) - ECT,Private - Values - Electronic card transactions  A/S/T by industry
ECTM.S1SG1210,2007.12,940.9,R,Dollars,Electronic Card Transactions (ANZSIC06) - ECT,Private - Values - Electronic card transactions  A/S/T by industry
ECTM.S1SG1210,2008.01,953.3,R,Dollars,Electronic Card Transactions (ANZSIC06) - ECT,Private - Values - Electronic card transactions  A/S/T by industry
